fontTitleLarge,google-symbols,bYkqId,wNNZR,hfpxzc href,qBF1Pd,MW4etd,UY7F9,AJB7ye,AJB7ye (2),W4Efsd,W4Efsd (2),W4Efsd (3),W4Efsd (4),W4Efsd (5),FQ2IWe src,ah5Ghc,M4A5Cf,ah5Ghc (2),M4A5Cf (2),ah5Ghc (3),A1zNzb href,J8zHNe,bbPy1,doJOZc
結果,,,分享,,,,,,,,,,,,,,,,,,,,,
結果,,,分享,,,,,,,,,,,,,,,,,,,,,
,,,,https://www.google.com/maps/place/%E6%9C%89%E8%B2%93%E6%97%A9%E9%A4%90+U+Meow+Breakfast/data=!4m7!3m6!1s0x34693dfa605196fd:0xf1148cb9bc26870e!8m2!3d24.1414636!4d120.6345004!16s%2Fg%2F11pcnv3hcp!19sChIJ_ZZRYPo9aTQRDocmvLmMFPE?authuser=0&hl=zh-TW&rclk=1,有貓早餐 U Meow Breakfast,4.6,(177),·,$1-200,早餐,·,永春路12-8號,已打烊,⋅ 開始營業時間：週五06:00,https://lh3.googleusercontent.com/gps-cs-s/AG0ilSwqgqA65epcnrEs2STIIloY0ukQGTuYHyi3ML9gkkJMX6HFaSPGqJ5GQAKwvc40fd4Yb8LHC0Cz3-XfvqqKzrpd17HIFtiVS5MypVBn14AH2dsnQ64M1ogEMWDtTrJ_sh8Lq8fviw=w92-h92-k-no,內用,·,外帶,,,,,,
,,,,https://www.google.com/maps/place/%E6%97%A9%E5%AE%89%E9%A5%97%E6%9D%91%2F%E9%85%A5%E7%9A%AE%E8%9B%8B%E9%A4%85%2F%E7%89%B9%E8%A3%BD%E8%BE%A3%E6%A4%92%2F%E5%8D%97%E5%B1%AF%E6%8E%A8%E8%96%A6%E6%97%A9%E9%A4%90/data=!4m7!3m6!1s0x34693d6fcbca198f:0x5c2a22056befe595!8m2!3d24.1447637!4d120.6371093!16s%2Fg%2F11dxhz04ld!19sChIJjxnKy289aTQRleXvawUiKlw?authuser=0&hl=zh-TW&rclk=1,早安饗村/酥皮蛋餅/特製辣椒/南屯推薦早餐,4.6,(517),·,$1-200,早餐,·,黎明路二段90號,已打烊,⋅ 開始營業時間：週五06:30,https://lh3.googleusercontent.com/gps-cs-s/AG0ilSwQyTDaLUY_QNOe2H1YfHTXavVRw-hVXkShO7unbZ3bcVXFQEOL5nOtPu90emAqsF1lgzvOG-VSOk5RnlJkJn_Q5bK_Oq-WEur8kELeemilpo6WIWcI9ADvUHF7ackk40x0MTCH=w122-h92-k-no,內用,·,外帶,·,外送,https://www.google.com/viewer/chooseprovider?mid=/g/11dxhz04ld&g2lbs=AO8LyOI1eW8AG_O9Q9C3grKc1aQobav_LYE_PHG17c__ZM-bDuEv6S4oy_6TfFZP_gazcUhwnQ9BlfKpmMPxXR6lcPQ7yu0xgqUHTXQ3SET70CCSJDQWjn0%3D&hl=zh-Hant-TW&gl=tw&fo_m=MfohQo559jFvMUOzJVpjPL1YMfZ3bInYwBDuMfaXTPp5KXh-&utm_source=tactile&gei=9YxWad2aOYXk1e8PxISCyA0&ei=9YxWad2aOYXk1e8PxISCyA0&fo_s=OA&opi=79508299&orderType=1&ebb=1&cs=0&foub=mcpp,"
線上點餐",,
,,,,https://www.google.com/maps/place/%E7%99%BD%E8%B2%93%E6%95%A3%E6%AD%A5+Gatto+Bianco/data=!4m7!3m6!1s0x34693dc7625f9745:0xfdf9dab83cab77a3!8m2!3d24.1427059!4d120.6324035!16s%2Fg%2F1pyqnwrl5!19sChIJRZdfYsc9aTQRo3erPLja-f0?authuser=0&hl=zh-TW&rclk=1,白貓散步 Gatto Bianco,4.4,"(1,881)",·,$400-600,早午餐,·,·,已打烊,⋅ 開始營業時間：週五11:00,https://lh3.googleusercontent.com/p/AF1QipPseRbybuXuW4V3eVuNjB176SmteLYFakEeFCHa=w137-h92-k-no,內用,·,外帶,·,外送,https://www.google.com/viewer/chooseprovider?mid=/g/1pyqnwrl5&g2lbs=AO8LyOIlHbQXRc3phH44KWiglxijoJDq93DlqDHWJKweOhmywd75FraRFMvBhni_1HqWoGoFG0j3DT2nisibFj9GUtl7tFXAAt-Z5S1L_cLQW3esB8lSJzw%3D&hl=zh-Hant-TW&gl=tw&fo_m=MfohQo559jFvMUOzJVpjPL1YMfZ3bInYwBDuMfaXTPp5KXh-&utm_source=tactile&gei=9YxWad2aOYXk1e8PxISCyA0&ei=9YxWad2aOYXk1e8PxISCyA0&fo_s=OA&opi=79508299&orderType=1&ebb=1&cs=0&foub=mcpp,"
線上點餐",,
,,,,https://www.google.com/maps/place/%E8%BF%B0%E6%86%B6%E7%81%B6%E5%92%96+%E6%97%A9%E5%8D%88%E9%A4%90.%E7%A7%81%E5%BB%9A.%E5%A4%96%E7%87%B4%EF%BC%88%E6%9C%80%E5%BE%8C%E9%BB%9E%E9%A4%9015:00%29/data=!4m7!3m6!1s0x34693df0f2a4634d:0x45b554e7ad5f85cd!8m2!3d24.1430953!4d120.6390241!16s%2Fg%2F11rfd5fkdm!19sChIJTWOk8vA9aTQRzYVfredUtUU?authuser=0&hl=zh-TW&rclk=1,述憶灶咖 早午餐.私廚.外燴（最後點餐15:00),4.8,(385),·,$200-400,早午餐,·,大墩四街572號,已打烊,⋅ 開始營業時間：週五10:00,https://lh3.googleusercontent.com/p/AF1QipM8fAj7s7dbKl_89c_NH_kKoU1auPNKWIm5MQhc=w122-h92-k-no,內用,·,免下車服務,·,外送,https://www.google.com/viewer/chooseprovider?mid=/g/11rfd5fkdm&g2lbs=AO8LyOL_AqRhtQgBfQSiKcfEIv1f6cUbsc6NiHzja4xhhOKhtLVVv4bvCobjEQ8shwS0yY3qKwXLKh_w1A1sombzK51ApkHd8f_2o1GGHU3wNg31jdiKtE8%3D&hl=zh-Hant-TW&gl=tw&fo_m=MfohQo559jFvMUOzJVpjPL1YMfZ3bInYwBDuMfaXTPp5KXh-&utm_source=tactile&gei=9YxWad2aOYXk1e8PxISCyA0&ei=9YxWad2aOYXk1e8PxISCyA0&fo_s=OA&opi=79508299&ebb=1&cs=0&foub=mcpp,"
線上點餐",,
,,,,https://www.google.com/maps/place/%E6%9C%9D%E5%8F%B8%E6%9A%AE%E6%83%B3%E8%82%89%E6%8E%92%E8%9B%8B%E3%80%82%E5%8F%B0%E4%B8%AD%E5%8D%97%E5%B1%AF%E6%97%A9%E9%A4%90%E5%BA%97/data=!4m7!3m6!1s0x34693da2c5752a91:0x5e35e2dbd8c1f1d4!8m2!3d24.1357177!4d120.6372512!16s%2Fg%2F11f55j8cw1!19sChIJkSp1xaI9aTQR1PHB2NviNV4?authuser=0&hl=zh-TW&rclk=1,朝司暮想肉排蛋。台中南屯早餐店,4.4,(226),·,$1-200,早餐,·,永春東路1022號,已打烊,⋅ 開始營業時間：週五05:30,https://lh3.googleusercontent.com/gps-cs-s/AG0ilSzqI6rZp0jYks46n_fBqmzl0RX84jyf8Gfy_NT6MgULIijSdelTJHMlVjm2vm4ZmSpqyYYUfjRI1INv70__SQavBUAvkotmqzi8F1_5gdgbIAzvKklqOboVzT1SkP9efoTx9J26gQ=w138-h92-k-no,內用,·,外送,,,https://www.google.com/viewer/chooseprovider?mid=/g/11f55j8cw1&g2lbs=AO8LyOJqXwSunm1n3qZtFwGgGx1_lwsRTfHzqufDDYFjrcpoV50zKes5PPovvvDlGHrKu1zvMpFXGL0ClCUrNInxO6ZpKF8xyXzwj2n98pLPNzORZ4HA5tw%3D&hl=zh-Hant-TW&gl=tw&fo_m=MfohQo559jFvMUOzJVpjPL1YMfZ3bInYwBDuMfaXTPp5KXh-&utm_source=tactile&gei=9YxWad2aOYXk1e8PxISCyA0&ei=9YxWad2aOYXk1e8PxISCyA0&fo_s=OA&opi=79508299&ebb=1&cs=0&foub=mcpp,"
線上點餐",,
,,,,https://www.google.com/maps/place/%E9%9D%92%E7%91%AA+shimajima/data=!4m7!3m6!1s0x34693ff673531613:0x8b87f53644f5e52d!8m2!3d24.1482791!4d120.6076565!16s%2Fg%2F11hk0q2l6f!19sChIJExZTc_Y_aTQRLeX1RDb1h4s?authuser=0&hl=zh-TW&rclk=1,青瑪 shimajima,4.6,(308),·,$200-400,餐廳,·,·,即將打烊,：00:00 · 開始營業時間：週五09:30,https://lh3.googleusercontent.com/gps-cs-s/AG0ilSzIfDD1dCvQ_0L2CdCn4zBMX8PgehzRYtJ4lQhZmdUK0HwkErLGPLIMUJ8Egrvni2x3ieQhfKpd4ga0shTZWRGMAOQqBIAithUJKZ_NCbezk7WaLHn_RERGBzTIDpkiNs3w-o4=w80-h142-k-no,內用,·,外帶,·,外送,,,,
,,,,https://www.google.com/maps/place/%E8%89%BE%E5%88%9D%E6%97%A9%E9%A4%90+%E5%B6%BA%E6%9D%B1%E7%B2%BE%E7%A7%91%E5%BA%97/data=!4m7!3m6!1s0x34693f80499e4629:0x1ebdba36b24eed39!8m2!3d24.145833!4d120.6111371!16s%2Fg%2F11thqs423l!19sChIJKUaeSYA_aTQROe1Osja6vR4?authuser=0&hl=zh-TW&rclk=1,艾初早餐 嶺東精科店,4.7,(907),·,$1-200,早午餐,·,嶺東路392號,已打烊,⋅ 開始營業時間：週五05:30,https://lh3.googleusercontent.com/gps-cs-s/AG0ilSxaEYUaAwR7-lHu7jwR3cxQ1arWKgc8mQD-efv-ICYxKDxidV4edZMahU-v_9sDaVc6qdJcbIsEzLF22OdPw5wtK4ADD75yOkFVse7RGkS4V_8NE91UrXW8K-XMwKBBIa8GFnV_=w80-h106-k-no,內用,·,外帶,·,外送,https://www.google.com/viewer/chooseprovider?mid=/g/11thqs423l&g2lbs=AO8LyOIPNvgO6bmjpIK1CIHPD7I8PPk-XWnM32ux7xgdRTyV0mZ8iu1n64R95yWw3-loqUjvXC0UMR9-bE-oV-4TKt8b4ppy2aT00vwGpBNHcVB3TTJvciQ%3D&hl=zh-Hant-TW&gl=tw&fo_m=MfohQo559jFvMUOzJVpjPL1YMfZ3bInYwBDuMfaXTPp5KXh-&utm_source=tactile&gei=9YxWad2aOYXk1e8PxISCyA0&ei=9YxWad2aOYXk1e8PxISCyA0&fo_s=OA&opi=79508299&ebb=1&cs=0&foub=mcpp,"
線上點餐",,
,,,,https://www.google.com/maps/place/%E6%97%A9%E9%A3%9F%E5%96%83%E5%96%83+%E5%8D%97%E5%B1%AF%E5%BA%97/data=!4m7!3m6!1s0x34693d2182f06095:0x7db54e6761cb953a!8m2!3d24.1384588!4d120.6415652!16s%2Fg%2F11r9gc16d9!19sChIJlWDwgiE9aTQROpXLYWdOtX0?authuser=0&hl=zh-TW&rclk=1,早食喃喃 南屯店,4.0,(345),·,$1-200,早午餐,·,·,已打烊,⋅ 開始營業時間：週五07:30,https://lh3.googleusercontent.com/gps-cs-s/AG0ilSzXwSqyNBEqosWznS-vlp30dCtA_Icd4XnBZcH-2VthVtyAI-xeXnK5qKrAyIJtP4_uzr-PN5RDLZbvHK1NeHMH0KYgUn_ZU2SsZV-Tw42MPbrsHxQ2pe4-tHdwolVo6uKNx_vLGA=w122-h92-k-no,內用,·,外帶,·,外送,https://www.google.com/viewer/chooseprovider?mid=/g/11r9gc16d9&g2lbs=AO8LyOL97diu6gMfN7JVC18RTbebv00rdnImbgEwwFxsmHW4kikBGzQ4vS69CGOd7zZD6yHzr9URYX1xEai-eiZ2hXGYRMo8MHc_CogH-nDrCAhmhH2_pzE%3D&hl=zh-Hant-TW&gl=tw&fo_m=MfohQo559jFvMUOzJVpjPL1YMfZ3bInYwBDuMfaXTPp5KXh-&utm_source=tactile&gei=9YxWad2aOYXk1e8PxISCyA0&ei=9YxWad2aOYXk1e8PxISCyA0&fo_s=OA&opi=79508299&ebb=1&cs=0&foub=mcpp,"
線上點餐",,
,,,,https://www.google.com/maps/place/%E5%8D%97%E5%B1%AF%E8%B7%AF%E5%8A%9B%E9%A5%97%E7%AB%99%EF%BC%88%E5%8D%97%E5%B1%AF%26%E6%B0%B8%E6%98%A5%E8%B7%AF%E5%8F%A3%E5%BA%97%EF%BC%89/data=!4m7!3m6!1s0x34693dc58c785ff5:0xc672e5d20dc25dc7!8m2!3d24.1414673!4d120.6356162!16s%2Fg%2F11fhrhm6hr!19sChIJ9V94jMU9aTQRx13CDdLlcsY?authuser=0&hl=zh-TW&rclk=1,南屯路力饗站（南屯&永春路口店）,4.3,(63),·,$1-200,早餐,·,南屯路二段902號,已打烊,⋅ 開始營業時間：週五05:45,https://lh3.googleusercontent.com/p/AF1QipO2OZa0z7VsBgShqBhFl7QhOeE04rsonxUJJND5=w163-h92-k-no,內用,·,外帶,,,,,,
,,,,https://www.google.com/maps/place/%E4%BE%86%E9%BB%9E%E4%BB%80%E9%BA%BC-%E5%8D%97%E5%B1%AF%E6%9E%97%E6%96%B0%E5%BA%97+%EF%BD%9C%E9%9F%93%E5%BC%8F%E6%97%A9%E5%8D%88%E9%A4%90%EF%BD%9C%E9%9F%93%E5%BC%8F%E9%A3%AF%E6%8D%B2%EF%BD%9C%E6%90%96%E6%90%96%E4%BE%BF%E7%95%B6%EF%BD%9C%E7%B2%89%E6%BC%BF%E8%9B%8B%E9%A4%85%EF%BD%9C%E6%97%A9%E9%A4%90%EF%BD%9C%E6%97%A9%E5%8D%88%E9%A4%90%EF%BD%9C%E5%AF%B5%E7%89%A9%E5%8F%8B%E5%96%84/data=!4m7!3m6!1s0x34693d0039b51e53:0x9b3ba20c06da5cd7!8m2!3d24.148622!4d120.6399766!16s%2Fg%2F11vsh85t6l!19sChIJUx61OQA9aTQR11zaBgyiO5s?authuser=0&hl=zh-TW&rclk=1,來點什麼-南屯林新店 ｜韓式早午餐｜韓式飯捲｜搖搖便當｜粉漿蛋餅｜早餐｜早午餐｜寵物友善,4.8,(341),·,$1-200,早午餐,·,大墩十一街453號,已打烊,⋅ 開始營業時間：週五06:30,https://lh3.googleusercontent.com/gps-cs-s/AG0ilSzI0EXI5fJ3NhM6dtcflYEnhsy0D_5qVazNGafd4YaZQpqjcw12WjoP4CaURT0gsZH41KJnoO-AABF9Xo2mfOeIFUSC4NoZjXE8OITRUh8QQoxL1dIYxsXltaZgdyM8zXHS0c3bvzmwsLAW=w92-h92-k-no,內用,·,外帶,·,外送,https://www.google.com/viewer/chooseprovider?mid=/g/11vsh85t6l&g2lbs=AO8LyOLNbaXOrlO01357McuPQ2A_gFilYqUWDhTPKrTot9sMayiDgRzKQD3g0CpN20AF21Yyx88UrxD1kuyGrVsqorZoQjZVdaJ_N_MAHJmkGFDjiXD8jSE%3D&hl=zh-Hant-TW&gl=tw&fo_m=MfohQo559jFvMUOzJVpjPL1YMfZ3bInYwBDuMfaXTPp5KXh-&utm_source=tactile&gei=9YxWad2aOYXk1e8PxISCyA0&ei=9YxWad2aOYXk1e8PxISCyA0&fo_s=OA&opi=79508299&ebb=1&cs=0&foub=mcpp,"
線上點餐",,
,,,,https://www.google.com/maps/place/%E8%90%AC%E5%92%8C%E8%B7%AF%E5%82%B3%E7%B5%B1%E6%97%A9%E9%A4%90%E5%BA%97/data=!4m7!3m6!1s0x34693dc8f30d16c5:0x72489bef2f718e!8m2!3d24.1387408!4d120.639708!16s%2Fg%2F11c5243yw1!19sChIJxRYN88g9aTQRjnEv75tIcgA?authuser=0&hl=zh-TW&rclk=1,萬和路傳統早餐店,4.0,(301),·,$1-200,早餐,·,·,已打烊,⋅ 開始營業時間：週五06:00,https://lh3.googleusercontent.com/gps-cs-s/AG0ilSzIQpGKN2Eho5SwhBdYn-louwxvAp1PtHtXiCiPRxpXdqUW1ncYJWA043oQLQmQksPQHwYzUhjkvDzMUwiutatd4W9o2kLniIRxlqK7JUVN3DOdrwYlktwikxCCnNC7myakAoScqQ=w122-h92-k-no,內用,·,外帶,·,無外送服務,,,,
,,,,https://www.google.com/maps/place/%E5%98%89%E9%A6%99%E6%97%A9%E9%A4%90/data=!4m7!3m6!1s0x34693d96d57952b5:0x5418bc83b44960cb!8m2!3d24.153483!4d120.651604!16s%2Fg%2F12m91cq01!19sChIJtVJ51ZY9aTQRy2BJtIO8GFQ?authuser=0&hl=zh-TW&rclk=1,嘉香早餐,4.2,"(1,636)",·,$1-200,早餐,·,大業路143號,已打烊,⋅ 開始營業時間：週五05:30,https://lh3.googleusercontent.com/gps-cs-s/AG0ilSwwiagBbuZM4rEJSwPiYhfd-npsLIocRTT7DZjrWIx9NzPIo-YMmOKDqbGXIKPmnaJorZeTzwSy--4cjtnYvseAsu4LG1wtnJN05rWvE-CUJiRS8xIg1VS6wUYLr7KKjbwdRPSz=w92-h92-k-no,內用,·,外帶,·,無外送服務,,,,
,,,,https://www.google.com/maps/place/%E8%95%83%E8%8C%84%E6%9D%91%E5%8D%97%E5%B1%AF%E6%98%A5%E5%AE%89%E5%BA%97+%E3%80%90%E5%8F%B0%E4%B8%AD+%E5%8D%97%E5%B1%AF%E5%8D%80+%E6%97%A9%E5%8D%88%E9%A4%90%E6%8E%A8%E8%96%A6+%E3%80%91%E4%BA%BA%E6%B0%A3%E6%97%A9%E5%8D%88%E9%A4%90%7C%E7%89%B9%E8%89%B2%E6%97%A9%E5%8D%88%E9%A4%90%7C%E5%BF%85%E5%90%83%E6%97%A9%E9%A4%90%7C%E5%A5%BD%E5%90%83%E6%97%A9%E5%8D%88%E9%A4%90%7C%E4%B8%8B%E5%8D%88%E8%8C%B6%E8%BC%95%E9%A3%9F%E6%B2%99%E6%8B%89%7C%E6%9C%83%E8%AD%B0%E8%81%9A%E6%9C%83%E5%8C%85%E5%A0%B4%7C%E5%9C%A8%E5%9C%B0%E6%8E%A8%E8%96%A6%E6%97%A9%E9%A4%90%E5%BA%97%7C%E4%BA%BA%E6%B0%A3%E7%B4%AB%E7%B1%B3%E6%BC%A2%E5%A0%A1+%E5%BD%A9%E8%99%B9%E7%9C%B7%E6%9D%91+%E5%B6%BA%E6%9D%B1%E7%A7%91%E6%8A%80%E5%A4%A7%E5%AD%B8%E9%99%84%E8%BF%91%E7%BE%8E%E9%A3%9F2025+%E7%B6%B2%E5%8F%8B%E6%8E%A8%E8%96%A6%E9%A6%96%E9%81%B8+PTT+Dcard/data=!4m7!3m6!1s0x34693f40af39aa3f:0x39e4cb35636fc2a9!8m2!3d24.1350089!4d120.6080711!16s%2Fg%2F11y6j6g3_6!19sChIJP6o5r0A_aTQRqcJvYzXL5Dk?authuser=0&hl=zh-TW&rclk=1,蕃茄村南屯春安店 【台中 南屯區 早午餐推薦 】人氣早午餐|特色早午餐|必吃早餐|好吃早午餐|下午茶輕食沙拉|會議聚會包場|在地推薦早餐店|人氣紫米漢堡 彩虹眷村 嶺東科技大學附近美食2025 網友推薦首選 PTT Dcard,4.6,(265),·,$1-200,早午餐,·,春安二街60號,已打烊,⋅ 開始營業時間：週五06:30,https://lh3.googleusercontent.com/gps-proxy/ALd4DhExX75MAcj_h9hP5f4jgYU8dQKO6fF4bZy5g4jtMGMT_1aYvo37VmxC8t3rifmAF04Z1yuE0GxKRALibR5Amqhsm3wNrc5TAqOHblKT0uSmyE1TwiNb2uP09JMU20bFoANocfMwnrkTvc7UCWWiC77HffSBhE2YaM4IRg57uf1ZOaSbFImKhKk=w132-h92-k-no,內用,·,外帶,·,外送,https://www.google.com/viewer/chooseprovider?mid=/g/11y6j6g3_6&g2lbs=AO8LyOIzHHBGz6byl-_fc-d1WlxAd4D4po4FBNqHF3xNrp_2HNQTAwnvhzBkVqDKZDiDANRGPWLsSf3AGHi8lJHX_sUno15JMgWl20mXKkNzVeNzryvBGbY%3D&hl=zh-Hant-TW&gl=tw&fo_m=MfohQo559jFvMUOzJVpjPL1YMfZ3bInYwBDuMfaXTPp5KXh-&utm_source=tactile&gei=9YxWad2aOYXk1e8PxISCyA0&ei=9YxWad2aOYXk1e8PxISCyA0&fo_s=OA&opi=79508299&ebb=1&cs=0&foub=mcpp,"
線上點餐",,
,,,,https://www.google.com/maps/place/%E5%8F%A4%E6%97%A9%E5%91%B3%E8%9B%8B%E9%A4%85%E4%B8%AD%E5%BC%8F%E6%97%A9%E9%A4%90%E5%BA%97/data=!4m7!3m6!1s0x34693ddb5e1c405d:0xfdbcc77fd697d165!8m2!3d24.1474377!4d120.6300626!16s%2Fg%2F11dxm3ylxx!19sChIJXUAcXts9aTQRZdGX1n_HvP0?authuser=0&hl=zh-TW&rclk=1,古早味蛋餅中式早餐店,4.6,(76),·,$1-200,餐廳,·,五權西路二段1028號,已打烊,⋅ 開始營業時間：週五06:00,https://lh3.googleusercontent.com/gps-cs-s/AG0ilSxjv5gOvzYBwhLv3U0cC8lPO3kV5dfZOc9NUivQhEn4OPO6Us8QuvdBLIpx-qD--Tv5JfExzmp079s7A3bC9rnOLK8-qSWrFEuE1VxmYW0QWF2FLYZeG9QbV6jeJxfqLKOAmYEa=w122-h92-k-no,內用,·,外帶,·,無外送服務,,,,
,,,,https://www.google.com/maps/place/Yolo+Moment+%E5%8F%B0%E4%B8%AD%E5%BA%97+%7C+%E8%88%92%E9%A3%9F%E6%97%A9%E5%8D%88%E9%A4%90%EF%BD%9C%E7%94%9C%E9%BB%9E+%7C+%E4%B8%8B%E5%8D%88%E8%8C%B6%EF%BD%9C%E7%94%9F%E6%97%A5%E8%9B%8B%E7%B3%95%EF%BD%9Cbrunch+%26+cakes/data=!4m7!3m6!1s0x34693d2a41080e67:0xf513c10dc1378094!8m2!3d24.1507519!4d120.6261725!16s%2Fg%2F11fsysptfd!19sChIJZw4IQSo9aTQRlIA3wQ3BE_U?authuser=0&hl=zh-TW&rclk=1,Yolo Moment 台中店 | 舒食早午餐｜甜點 | 下午茶｜生日蛋糕｜brunch & cakes,4.5,(677),·,$400-600,早午餐,·,·,已打烊,⋅ 開始營業時間：週五09:00,https://lh3.googleusercontent.com/gps-cs-s/AG0ilSw09DtG0H7N4cp6PlId2cBodEcuAOvGkpzx5HyV1OAMIAvNF-Pl33SrvrOZzQJj_AgTF7Bzq3DvpWxszV2ZkltvrCSHiPEXNOdNRQmjKgVW7CMPOoLWPP3FpXXf9nzoBk7jrNKHlA=w122-h92-k-no,內用,,,,,,,,
,,,,https://www.google.com/maps/place/Mr.%E5%99%97%E5%99%97%E5%85%88%E7%94%9F+%C2%B7+%E6%97%A9%E5%8D%88%E9%A4%90%EF%BC%8813:00%E6%9C%80%E5%BE%8C%E9%BB%9E%E9%A4%90%EF%BC%89/data=!4m7!3m6!1s0x34693f5ea8c76d1b:0x28928a4d54054eb!8m2!3d24.1452416!4d120.611191!16s%2Fg%2F11x23160t7!19sChIJG23HqF4_aTQR61RA1aQoiQI?authuser=0&hl=zh-TW&rclk=1,Mr.噗噗先生 · 早午餐（13:00最後點餐）,4.7,(156),·,$1-200,早餐,·,嶺東路370巷9號,已打烊,⋅ 開始營業時間：週五06:00,https://lh3.googleusercontent.com/gps-cs-s/AG0ilSzPzm_H47BWU9ZcsB-Nabe-cynjSoGhg2smz2qZFU5ulijNmCKfz-iXL8P9rI-I0EALB2DJESGOvrAzqWAZbHOjCigyttfugqzdjDdnqqBp01Rgpzw8tH-ATXm1M11Z6S9nqzcL5X-a53He=w122-h92-k-no,內用,·,店外取貨,·,外送,https://www.google.com/viewer/chooseprovider?mid=/g/11x23160t7&g2lbs=AO8LyOLmS2fesdtBKYq4ckJ2DwF1RRD7jVA_lU9DO79PxSBnOi4oQB5H8_Na_Iw13Qg6SA61GfbDvNN_LhQZqCkt8trFgHk_hyQ_z9yQpLvvMZkrVe3zLBs%3D&hl=zh-Hant-TW&gl=tw&fo_m=MfohQo559jFvMUOzJVpjPL1YMfZ3bInYwBDuMfaXTPp5KXh-&utm_source=tactile&gei=9YxWad2aOYXk1e8PxISCyA0&ei=9YxWad2aOYXk1e8PxISCyA0&fo_s=OA&opi=79508299&ebb=1&cs=0&foub=mcpp,"
線上點餐",,
,,,,https://www.google.com/maps/place/%E6%99%A8%E5%AE%B6%E6%97%A9%E5%8D%88%E9%A4%90mornhome-%E5%8D%97%E5%B1%AF%E5%BA%97/data=!4m7!3m6!1s0x34693d001954b64f:0xf496bfa78ae62972!8m2!3d24.1348707!4d120.6553447!16s%2Fg%2F11x5jfyjmv!19sChIJT7ZUGQA9aTQRcinmiqe_lvQ?authuser=0&hl=zh-TW&rclk=1,晨家早午餐mornhome-南屯店,4.8,(279),·,$1-200,早餐,·,南屯路二段1-1號,已打烊,⋅ 開始營業時間：週五06:15,https://lh3.googleusercontent.com/gps-cs-s/AG0ilSyy5ymjAYvLoErpCrbYLE7Kc4nkaNXAWBopR4X0VPzVexX7bvd_ivvSV1TXIcfL6nedQjx3lSQid3bntKEXE5gi4N4yPZSY5Q2OnXYrLnrfftpCrVLPU-svnMmxh4QlDxkXQzMeqI9aJuQ=w80-h106-k-no,內用,·,免下車服務,·,無接觸送餐服務,https://www.google.com/viewer/chooseprovider?mid=/g/11x5jfyjmv&g2lbs=AO8LyOIjckD1pTBm3EvIf9jqzxpLcZ1bwdtEmVMHZnLAiwq25hvh7j6EX4wKmncVbouvN7rFJgYXVjIKIIXNJ4XFR6ubR2PtmuKtbT8l0RKcuL21U2P1RuQ%3D&hl=zh-Hant-TW&gl=tw&fo_m=MfohQo559jFvMUOzJVpjPL1YMfZ3bInYwBDuMfaXTPp5KXh-&utm_source=tactile&gei=9YxWad2aOYXk1e8PxISCyA0&ei=9YxWad2aOYXk1e8PxISCyA0&fo_s=OA&opi=79508299&ebb=1&cs=0&foub=mcpp,"
線上點餐",,
,,,,https://www.google.com/maps/place/%E8%89%BE%E5%88%9D%E6%97%A9%E9%A4%90+%E5%8D%97%E5%B1%AF%E5%90%91%E5%BF%83%E5%BA%97/data=!4m7!3m6!1s0x34693d216f7df45f:0x23a17f6d5649e7ad!8m2!3d24.138405!4d120.643703!16s%2Fg%2F11kbqyrdrh!19sChIJX_R9byE9aTQRredJVm1_oSM?authuser=0&hl=zh-TW&rclk=1,艾初早餐 南屯向心店,4.3,(310),·,$1-200,早餐,·,南屯路二段460號,已打烊,⋅ 開始營業時間：週五05:30,https://lh3.googleusercontent.com/gps-cs-s/AG0ilSxE62XVkJ0punkmtRPviwVkmLyaq8qghQRaDSyHQDw_pkTIBQY501PCrXv5Sgbd-zWPzfAA4Q2vgMEwGJNW5h20Kq9SulxtyAqMGE2blBEecZT0NABTE5xVpaq7gqsP4JX_5ag=w122-h92-k-no,內用,·,外帶,·,外送,https://www.google.com/viewer/chooseprovider?mid=/g/11kbqyrdrh&g2lbs=AO8LyOLj01f4kJH_CGQh09Wyq-SWxgPr32isnZtmYa6gLCWbabJSVsWSc2vkGb0EhWg88YG7yJ0dHRB0ZyAX59sPMZSoPOHlPftNvgA36_--mGj1Jr9R-gA%3D&hl=zh-Hant-TW&gl=tw&fo_m=MfohQo559jFvMUOzJVpjPL1YMfZ3bInYwBDuMfaXTPp5KXh-&utm_source=tactile&gei=9YxWad2aOYXk1e8PxISCyA0&ei=9YxWad2aOYXk1e8PxISCyA0&fo_s=OA&opi=79508299&ebb=1&cs=0&foub=mcpp,"
線上點餐",,
,,,,https://www.google.com/maps/place/Hi%E6%97%A9%E9%A4%90morning/data=!4m7!3m6!1s0x34693dc24094e4fb:0xc5fadf8fa5329fb9!8m2!3d24.1501265!4d120.6355644!16s%2Fg%2F1pzw15_2c!19sChIJ--SUQMI9aTQRuZ8ypY_f-sU?authuser=0&hl=zh-TW&rclk=1,Hi早餐morning,4.0,(499),·,$1-200,早餐,·,·,已打烊,⋅ 開始營業時間：週五06:00,https://lh3.googleusercontent.com/gps-cs-s/AG0ilSz6g40jwwYvlXN3BRwBMA7AhvkOZGMzbbqWbJHJl5fdjdpCeSfxvaW2QMCwyq6DrpCtYuBCjrZi9kik01JPEK5APHwcm_mGGKoIoX9tKZdDq3sxVzSkaBhY4QUwLxQyF3F8bSI=w132-h92-k-no,內用,·,外帶,,,,,,
,,,,https://www.google.com/maps/place/%E6%96%9C%E8%A7%92brunch/data=!4m7!3m6!1s0x34693df687ee7671:0x5d9eb84be8d93ec7!8m2!3d24.1393003!4d120.6381347!16s%2Fg%2F11cn7k4p5v!19sChIJcXbuh_Y9aTQRxz7Z6Eu4nl0?authuser=0&hl=zh-TW&rclk=1,斜角brunch,4.0,(223),·,$1-200,早午餐,·,黎明路一段1050號,已打烊,⋅ 開始營業時間：週五05:30,https://lh3.googleusercontent.com/gps-cs-s/AG0ilSyelSWVy-H4FvBnUjdRubWfgJtrxBVWZ9KNjpfRAa_fdoNfyZJW53sBelSZKvxwDx8a3-fU3dONPDU-Qh73nCh3feZaoWDTdRIgmtx9y3HIqVN6uXvQsiH2IR48dDtBpXIEuTf3eg=w163-h92-k-no,內用,·,外帶,,,,,,
,,,,https://www.google.com/maps/place/207%E6%97%A9%E9%A4%90/data=!4m7!3m6!1s0x34693d45582d2813:0xeb58e40b902ed7d4!8m2!3d24.1480105!4d120.63472!16s%2Fg%2F11g0tp95sg!19sChIJEygtWEU9aTQR1NcukAvkWOs?authuser=0&hl=zh-TW&rclk=1,207早餐,4.8,(102),·,$1-200,餐廳,·,三厝街207號,已打烊,⋅ 開始營業時間：週五06:00,,內用,·,外帶,·,外送,https://www.google.com/viewer/chooseprovider?mid=/g/11g0tp95sg&g2lbs=AO8LyOJLjzeZFTiGae0xvkKtg_cdGvlvwjwOywok6o6vKfCfFkW7GM_dm9Q_QaObNlRBXXIpcwl5Yo_tZl4hasltiFPdCA27nnU24u4fVHR_LDN3rGwJm6U%3D&hl=zh-Hant-TW&gl=tw&fo_m=MfohQo559jFvMUOzJVpjPL1YMfZ3bInYwBDuMfaXTPp5KXh-&utm_source=tactile&gei=Po1Wae-lCIzM1e8Pi5vSsQU&ei=Po1Wae-lCIzM1e8Pi5vSsQU&fo_s=OA&opi=79508299&ebb=1&cs=0&foub=mcpp,"
線上點餐",,
,,,,https://www.google.com/maps/place/%E5%BE%97%E4%BE%86%E9%80%9F%E6%97%A9%E9%BB%9E%E6%97%A9%E9%A4%90%E5%BA%97/data=!4m7!3m6!1s0x34693d08adb6bd29:0xbfb77b8f0fc23de7!8m2!3d24.1443671!4d120.6344869!16s%2Fg%2F11sf2cdkbh!19sChIJKb22rQg9aTQR5z3CD497t78?authuser=0&hl=zh-TW&rclk=1,得來速早點早餐店,2.1,(7),,,早餐,·,五權西路二段828號,,,,內用,·,外帶,,,,,,
,,,,https://www.google.com/maps/place/%E6%8C%91%E9%A3%9F+pickfood/data=!4m7!3m6!1s0x34693ddec7d8dd09:0x5dd43c0befb34159!8m2!3d24.1553784!4d120.6308916!16s%2Fg%2F11tj9q_88x!19sChIJCd3Yx949aTQRWUGz7ws81F0?authuser=0&hl=zh-TW&rclk=1,挑食 pickfood,4.8,(546),·,$200-400,早午餐,·,干城街111號,已打烊,⋅ 開始營業時間：週五10:00,,內用,·,店外取貨,,,https://www.google.com/viewer/chooseprovider?mid=/g/11tj9q_88x&g2lbs=AO8LyOId-FOmhbZBi0X000_VHek_bdUldyFNuTjNxv63ZwtXfnSswpwiI9MLcO4dhNtHGlEz5n6bybiSYmZS0C4M7UhFhDNc2MWmU7-zoKPewYjnlj0Xibk%3D&hl=zh-Hant-TW&gl=tw&fo_m=MfohQo559jFvMUOzJVpjPL1YMfZ3bInYwBDuMfaXTPp5KXh-&utm_source=tactile&gei=Po1Wae-lCIzM1e8Pi5vSsQU&ei=Po1Wae-lCIzM1e8Pi5vSsQU&fo_s=OA&opi=79508299&ebb=1&cs=0&foub=mcpp,"
線上點餐",,
,,,,https://www.google.com/maps/place/%E5%A4%A7%E5%8F%B0%E5%8C%97%E6%97%A9%E9%BB%9E/data=!4m7!3m6!1s0x34693de37d92ee69:0x472a8c930206c5cb!8m2!3d24.1441242!4d120.637073!16s%2Fg%2F11jp_7789_!19sChIJae6SfeM9aTQRy8UGApOMKkc?authuser=0&hl=zh-TW&rclk=1,大台北早點,4.8,(61),·,$1-200,早餐,·,黎明路二段73號1樓,已打烊,⋅ 開始營業時間：週五05:00,,內用,·,外帶,,,,,,
